year_month,line,total,MDU (Business Days Mean),MSD (Saturdays Mean),MDO (Sundays Mean),MAX (Daily Max)
2017-01-01,4,14678000.0,590000.0,301000.0,166000.0,654000.0
2017-01-01,1,29569000.0,1161000.0,704000.0,430000.0,1278000.0
2017-01-01,2,13476000.0,554000.0,259000.0,165000.0,617000.0
2017-01-01,3,31145000.0,1227000.0,732000.0,451000.0,1343000.0
2017-01-01,5,5499000.0,218000.0,136000.0,65000.0,236000.0
2017-01-01,15,349000.0,15000.0,6000.0,2000.0,17000.0
2017-02-01,4,15871000.0,685000.0,444000.0,252000.0,706000.0
2017-02-01,2,14545000.0,657000.0,329000.0,217000.0,693000.0
2017-02-01,3,31994000.0,1392000.0,865000.0,540000.0,1453000.0
2017-02-01,1,31147000.0,1369000.0,824000.0,500000.0,1441000.0
2017-02-01,15,355000.0,17000.0,7000.0,2000.0,22000.0
2017-02-01,5,5681000.0,253000.0,152000.0,73000.0,261000.0
2017-03-01,1,36864000.0,1450000.0,816000.0,444000.0,1484000.0
2017-03-01,2,17397000.0,698000.0,321000.0,203000.0,730000.0
2017-03-01,3,37754000.0,1473000.0,875000.0,481000.0,1509000.0
2017-03-01,5,6758000.0,264000.0,153000.0,61000.0,273000.0
2017-03-01,15,404000.0,17000.0,7000.0,2000.0,19000.0
2017-03-01,4,18467000.0,700000.0,392000.0,199000.0,749000.0
2017-04-01,1,31734000.0,1458000.0,766000.0,431000.0,1503000.0
2017-04-01,5,5787000.0,264000.0,145000.0,73000.0,276000.0
2017-04-01,15,355000.0,18000.0,6000.0,2000.0,23000.0
2017-04-01,4,15094000.0,724000.0,329000.0,134000.0,763000.0
2017-04-01,2,14690000.0,697000.0,289000.0,190000.0,721000.0
2017-04-01,3,32650000.0,1474000.0,824000.0,479000.0,1526000.0
2017-05-01,15,467000.0,19000.0,7000.0,2000.0,20000.0
2017-05-01,4,17963000.0,715000.0,370000.0,140000.0,738000.0
2017-05-01,5,6417000.0,251000.0,150000.0,64000.0,260000.0
2017-05-01,3,37870000.0,1449000.0,903000.0,469000.0,1494000.0
2017-05-01,2,17395000.0,690000.0,324000.0,181000.0,707000.0
2017-05-01,1,37090000.0,1435000.0,839000.0,421000.0,1475000.0
2017-06-01,4,16963000.0,704000.0,345000.0,201000.0,740000.0
2017-06-01,1,34213000.0,1383000.0,796000.0,455000.0,1485000.0
2017-06-01,2,15950000.0,670000.0,301000.0,186000.0,704000.0
2017-06-01,5,6154000.0,249000.0,150000.0,75000.0,265000.0
2017-06-01,15,440000.0,19000.0,7000.0,2000.0,20000.0
2017-06-01,3,35247000.0,1405000.0,856000.0,520000.0,1471000.0
2017-07-01,4,16165000.0,658000.0,341000.0,127000.0,694000.0
2017-07-01,1,32682000.0,1264000.0,779000.0,451000.0,1322000.0
2017-07-01,2,15343000.0,613000.0,293000.0,200000.0,637000.0
2017-07-01,3,33860000.0,1293000.0,842000.0,499000.0,1361000.0
2017-07-01,5,5820000.0,228000.0,145000.0,62000.0,242000.0
2017-07-01,15,411000.0,17000.0,7000.0,2000.0,18000.0
2017-08-01,2,17633000.0,682000.0,306000.0,179000.0,703000.0
2017-08-01,1,36879000.0,1395000.0,789000.0,409000.0,1431000.0
2017-08-01,4,18064000.0,712000.0,347000.0,76000.0,736000.0
2017-08-01,15,471000.0,19000.0,7000.0,2000.0,20000.0
2017-08-01,5,6652000.0,253000.0,147000.0,62000.0,262000.0
2017-08-01,3,37747000.0,1414000.0,855000.0,452000.0,1449000.0
2017-09-01,1,34679000.0,1442000.0,781000.0,450000.0,1498000.0
2017-09-01,2,16241000.0,699000.0,300000.0,204000.0,716000.0
2017-09-01,3,35400000.0,1454000.0,830000.0,493000.0,1476000.0
2017-09-01,5,6246000.0,260000.0,148000.0,67000.0,274000.0
2017-09-01,15,439000.0,20000.0,7000.0,2000.0,20000.0
2017-09-01,4,16625000.0,728000.0,342000.0,114000.0,760000.0
2017-10-01,4,17365000.0,732000.0,347000.0,126000.0,772000.0
2017-10-01,15,459000.0,20000.0,7000.0,2000.0,21000.0
2017-10-01,5,6427000.0,264000.0,149000.0,57000.0,280000.0
2017-10-01,3,36496000.0,1455000.0,835000.0,485000.0,1532000.0
2017-10-01,2,16637000.0,696000.0,301000.0,179000.0,718000.0
2017-10-01,1,35446000.0,1432000.0,788000.0,422000.0,1506000.0
2017-11-01,4,16307000.0,743000.0,348000.0,148000.0,768000.0
2017-11-01,1,33847000.0,1453000.0,794000.0,460000.0,1502000.0
2017-11-01,2,15719000.0,704000.0,298000.0,187000.0,721000.0
2017-11-01,3,35010000.0,1475000.0,860000.0,532000.0,1517000.0
2017-11-01,5,6348000.0,274000.0,155000.0,77000.0,285000.0
2017-11-01,15,462000.0,22000.0,8000.0,2000.0,24000.0
2017-12-01,4,16104000.0,674000.0,345000.0,158000.0,762000.0
2017-12-01,1,32878000.0,1335000.0,802000.0,468000.0,1486000.0
2017-12-01,2,15014000.0,635000.0,292000.0,205000.0,713000.0
2017-12-01,5,6541000.0,264000.0,167000.0,88000.0,290000.0
2017-12-01,15,438000.0,20000.0,8000.0,3000.0,23000.0
2017-12-01,3,34120000.0,1364000.0,878000.0,516000.0,1499000.0
2018-01-01,1,28972000.0,1169000.0,701000.0,402000.0,1289000.0
2018-01-01,15,379000.0,17000.0,6000.0,3000.0,19000.0
2018-01-01,4,15110000.0,610000.0,313000.0,152000.0,696000.0
2018-01-01,2,13602000.0,570000.0,276000.0,167000.0,639000.0
2018-01-01,3,29999000.0,1196000.0,748000.0,439000.0,1309000.0
2018-01-01,5,5522000.0,226000.0,139000.0,55000.0,249000.0
2018-02-01,4,16807000.0,722000.0,517000.0,254000.0,772000.0
2018-02-01,1,31025000.0,1375000.0,860000.0,490000.0,1448000.0
2018-02-01,2,14784000.0,679000.0,353000.0,221000.0,719000.0
2018-02-01,3,31820000.0,1385000.0,911000.0,555000.0,1457000.0
2018-02-01,5,5937000.0,269000.0,161000.0,72000.0,288000.0
2018-02-01,15,368000.0,20000.0,10000.0,0.0,22000.0
2018-03-01,15,411000.0,20000.0,5000.0,0.0,23000.0
2018-03-01,2,17473000.0,713000.0,305000.0,199000.0,742000.0
2018-03-01,5,7331000.0,295000.0,160000.0,64000.0,305000.0
2018-03-01,1,36553000.0,1452000.0,777000.0,439000.0,1485000.0
2018-03-01,4,19470000.0,786000.0,372000.0,222000.0,836000.0
2018-03-01,3,37387000.0,1467000.0,823000.0,501000.0,1505000.0
2018-04-01,4,18757000.0,774000.0,370000.0,207000.0,808000.0
2018-04-01,15,441000.0,21000.0,8000.0,3000.0,24000.0
2018-04-01,5,7640000.0,319000.0,170000.0,76000.0,331000.0
2018-04-01,3,36247000.0,1471000.0,883000.0,482000.0,1530000.0
2018-04-01,2,16870000.0,714000.0,319000.0,188000.0,731000.0
2018-04-01,1,35480000.0,1457000.0,828000.0,435000.0,1493000.0
2018-05-01,15,509000.0,22000.0,7000.0,4000.0,24000.0
2018-05-01,5,8106000.0,322000.0,184000.0,95000.0,335000.0
2018-05-01,3,37542000.0,1455000.0,900000.0,559000.0,1508000.0
2018-05-01,2,17492000.0,706000.0,336000.0,218000.0,722000.0
2018-05-01,1,36519000.0,1436000.0,834000.0,488000.0,1488000.0
2018-05-01,4,19792000.0,789000.0,409000.0,259000.0,810000.0
2018-06-01,4,18618000.0,750000.0,379000.0,243000.0,818000.0
2018-06-01,2,16160000.0,684000.0,301000.0,215000.0,722000.0
2018-06-01,3,35392000.0,1423000.0,842000.0,527000.0,1508000.0
2018-06-01,5,7401000.0,305000.0,172000.0,69000.0,327000.0
2018-06-01,15,464000.0,22000.0,3000.0,3000.0,23000.0
2018-06-01,1,34239000.0,1396000.0,778000.0,466000.0,1489000.0
2018-07-01,15,427000.0,20000.0,3000.0,1000.0,21000.0
2018-07-01,3,33836000.0,1317000.0,829000.0,518000.0,1369000.0
2018-07-01,5,6983000.0,278000.0,171000.0,88000.0,284000.0
2018-07-01,2,15368000.0,627000.0,297000.0,201000.0,661000.0
2018-07-01,1,32512000.0,1280000.0,781000.0,462000.0,1346000.0
2018-07-01,4,17862000.0,711000.0,376000.0,235000.0,744000.0
2018-08-01,3,38679000.0,1440000.0,884000.0,504000.0,1483000.0
2018-08-01,1,37775000.0,1420000.0,832000.0,446000.0,1466000.0
2018-08-01,15,516000.0,22000.0,3000.0,2000.0,23000.0
2018-08-01,2,18164000.0,701000.0,318000.0,194000.0,723000.0
2018-08-01,5,7220000.0,309000.0,176000.0,85000.0,322000.0
2018-08-01,4,20844000.0,797000.0,397000.0,229000.0,827000.0
2018-09-01,3,35197000.0,1457000.0,870000.0,515000.0,1544000.0
2018-09-01,2,16246000.0,705000.0,321000.0,202000.0,733000.0
2018-09-01,1,34371000.0,1442000.0,822000.0,465000.0,1521000.0
2018-09-01,5,7632000.0,323000.0,182000.0,93000.0,345000.0
2018-09-01,4,18080000.0,800000.0,411000.0,111000.0,841000.0
2018-09-01,15,445000.0,23000.0,3000.0,2000.0,23000.0
2018-10-01,4,18907000.0,761000.0,362000.0,118000.0,828000.0
2018-10-01,5,10897000.0,424000.0,227000.0,131000.0,502000.0
2018-10-01,3,38145000.0,1460000.0,854000.0,505000.0,1527000.0
2018-10-01,1,38308000.0,1477000.0,836000.0,482000.0,1524000.0
2018-10-01,15,498000.0,22000.0,6000.0,4000.0,25000.0
2018-10-01,2,18431000.0,731000.0,326000.0,204000.0,771000.0
2018-11-01,15,398000.0,23000.0,6000.0,4000.0,25000.0
2018-11-01,5,11833000.0,505000.0,268000.0,156000.0,552000.0
2018-11-01,4,16990000.0,735000.0,354000.0,213000.0,802000.0
2018-11-01,2,16888000.0,769000.0,326000.0,216000.0,804000.0
2018-11-01,3,35008000.0,1493000.0,864000.0,523000.0,1571000.0
2018-11-01,1,35499000.0,1538000.0,843000.0,499000.0,1611000.0
2018-12-01,5,12053000.0,478000.0,301000.0,178000.0,559000.0
2018-12-01,1,34213000.0,1425000.0,890000.0,543000.0,1585000.0
2018-12-01,2,16283000.0,711000.0,342000.0,237000.0,786000.0
2018-12-01,3,34178000.0,1399000.0,933000.0,573000.0,1552000.0
2018-12-01,15,710000.0,32000.0,14000.0,9000.0,37000.0
2018-12-01,4,16471000.0,666000.0,373000.0,233000.0,795000.0
2019-01-01,4,16121000.0,648000.0,313000.0,203000.0,713000.0
2019-01-01,2,15982000.0,648000.0,292000.0,203000.0,724000.0
2019-01-01,5,11482000.0,456000.0,251000.0,150000.0,502000.0
2019-01-01,3,31644000.0,1230000.0,736000.0,475000.0,1332000.0
2019-01-01,1,32037000.0,1258000.0,721000.0,454000.0,1362000.0
2019-01-01,15,903000.0,37000.0,17000.0,11000.0,46000.0
2019-02-01,1,34705000.0,1466000.0,851000.0,495000.0,1544000.0
2019-02-01,3,33962000.0,1420000.0,864000.0,526000.0,1492000.0
2019-02-01,2,17728000.0,768000.0,360000.0,230000.0,808000.0
2019-02-01,4,18136000.0,765000.0,437000.0,273000.0,808000.0
2019-02-01,5,12515000.0,535000.0,293000.0,163000.0,565000.0
2019-02-01,15,1086000.0,48000.0,21000.0,9000.0,54000.0
2019-03-01,3,36165000.0,1470000.0,890000.0,556000.0,1507000.0
2019-03-01,1,36580000.0,1519000.0,855000.0,493000.0,1550000.0
2019-03-01,2,18610000.0,807000.0,363000.0,230000.0,838000.0
2019-03-01,4,19278000.0,789000.0,438000.0,268000.0,835000.0
2019-03-01,5,13332000.0,555000.0,297000.0,167000.0,585000.0
2019-03-01,15,1374000.0,61000.0,25000.0,14000.0,72000.0
2019-04-01,2,19637000.0,818000.0,347000.0,216000.0,832000.0
2019-04-01,3,36898000.0,1477000.0,861000.0,492000.0,1511000.0
2019-04-01,1,37571000.0,1525000.0,816000.0,459000.0,1558000.0
2019-04-01,15,1532000.0,64000.0,27000.0,14000.0,66000.0
2019-04-01,4,19644000.0,808000.0,387000.0,227000.0,843000.0
2019-04-01,5,14285000.0,582000.0,304000.0,166000.0,607000.0
2019-05-01,5,14857000.0,584000.0,309000.0,143000.0,606000.0
2019-05-01,2,20076000.0,797000.0,358000.0,219000.0,849000.0
2019-05-01,3,38229000.0,1461000.0,893000.0,495000.0,1507000.0
2019-05-01,4,20654000.0,809000.0,393000.0,257000.0,848000.0
2019-05-01,1,38705000.0,1497000.0,848000.0,471000.0,1548000.0
2019-05-01,15,1808000.0,73000.0,31000.0,18000.0,77000.0
2019-06-01,5,12703000.0,543000.0,300000.0,164000.0,583000.0
2019-06-01,2,17003000.0,771000.0,343000.0,229000.0,801000.0
2019-06-01,1,32903000.0,1435000.0,813000.0,458000.0,1508000.0
2019-06-01,15,1644000.0,77000.0,33000.0,20000.0,79000.0
2019-06-01,4,18030000.0,780000.0,398000.0,247000.0,827000.0
2019-06-01,3,32737000.0,1411000.0,856000.0,458000.0,1477000.0
2019-07-01,5,13410000.0,523000.0,295000.0,163000.0,546000.0
2019-07-01,4,18518000.0,730000.0,378000.0,222000.0,760000.0
2019-07-01,1,33892000.0,1299000.0,799000.0,462000.0,1331000.0
2019-07-01,3,34013000.0,1294000.0,830000.0,481000.0,1329000.0
2019-07-01,15,1778000.0,72000.0,25000.0,20000.0,76000.0
2019-07-01,2,17670000.0,701000.0,337000.0,218000.0,729000.0
2019-08-01,15,2029000.0,82000.0,30000.0,20000.0,88000.0
2019-08-01,2,19825000.0,785000.0,345000.0,209000.0,809000.0
2019-08-01,1,37779000.0,1454000.0,808000.0,439000.0,1497000.0
2019-08-01,4,20689000.0,810000.0,394000.0,223000.0,838000.0
2019-08-01,5,15084000.0,586000.0,312000.0,159000.0,600000.0
2019-08-01,3,37379000.0,1424000.0,837000.0,468000.0,1458000.0
2019-09-01,2,19555000.0,808000.0,357000.0,234000.0,829000.0
2019-09-01,5,14755000.0,601000.0,312000.0,177000.0,629000.0
2019-09-01,4,19888000.0,818000.0,385000.0,234000.0,855000.0
2019-09-01,1,35968000.0,1443000.0,817000.0,481000.0,1491000.0
2019-09-01,15,2171000.0,90000.0,38000.0,25000.0,93000.0
2019-09-01,3,36261000.0,1447000.0,850000.0,495000.0,1504000.0
2019-10-01,2,21563000.0,827000.0,394000.0,256000.0,847000.0
2019-10-01,3,38994000.0,1454000.0,909000.0,520000.0,1513000.0
2019-10-01,15,2420000.0,93000.0,47000.0,24000.0,95000.0
2019-10-01,5,16098000.0,610000.0,325000.0,190000.0,625000.0
2019-10-01,4,21387000.0,818000.0,386000.0,255000.0,854000.0
2019-10-01,1,39719000.0,1481000.0,914000.0,538000.0,1539000.0
2019-11-01,4,19412000.0,836000.0,392000.0,238000.0,872000.0
2019-11-01,5,14569000.0,622000.0,316000.0,182000.0,644000.0
2019-11-01,2,19075000.0,830000.0,379000.0,240000.0,853000.0
2019-11-01,3,35360000.0,1463000.0,892000.0,506000.0,1513000.0
2019-11-01,15,2030000.0,94000.0,23000.0,24000.0,96000.0
2019-11-01,1,35360000.0,1477000.0,873000.0,491000.0,1532000.0
2019-12-01,4,17788000.0,703000.0,400000.0,261000.0,859000.0
2019-12-01,1,32888000.0,1330000.0,887000.0,537000.0,1500000.0
2019-12-01,5,14031000.0,548000.0,217000.0,119000.0,649000.0
2019-12-01,2,17616000.0,745000.0,375000.0,260000.0,844000.0
2019-12-01,15,1953000.0,87000.0,29000.0,17000.0,96000.0
2019-12-01,3,33225000.0,1332000.0,924000.0,557000.0,1479000.0
2020-01-01,5,13660000.0,535000.0,279000.0,167000.0,580000.0
2020-01-01,15,2419000.0,98000.0,35000.0,21000.0,111000.0
2020-01-01,3,31597000.0,1213000.0,721000.0,428000.0,1319000.0
2020-01-01,2,17665000.0,702000.0,308000.0,208000.0,775000.0
2020-01-01,4,17750000.0,702000.0,335000.0,202000.0,777000.0
2020-01-01,1,31546000.0,1214000.0,705000.0,428000.0,1344000.0
2020-02-01,4,18294000.0,763000.0,441000.0,310000.0,853000.0
2020-02-01,1,32483000.0,1410000.0,856000.0,494000.0,1483000.0
2020-02-01,3,31992000.0,1382000.0,860000.0,528000.0,1451000.0
2020-02-01,2,18033000.0,826000.0,390000.0,257000.0,870000.0
2020-02-01,15,2497000.0,116000.0,60000.0,27000.0,122000.0
2020-02-01,5,13806000.0,587000.0,330000.0,196000.0,650000.0
2020-03-01,15,1268220.0,56370.0,29850.0,14940.0,66390.0
2020-03-01,2,12945000.0,515000.0,217000.0,148000.0,839000.0
2020-03-01,4,13139000.0,521000.0,232000.0,151000.0,861000.0
2020-03-01,5,10674000.0,419000.0,208000.0,126000.0,652000.0
2020-03-01,3,24332000.0,939000.0,511000.0,325000.0,1478000.0
2020-03-01,1,23635000.0,918000.0,484000.0,302000.0,1493000.0
2020-04-01,3,7984000.0,323000.0,189000.0,117000.0,362000.0
2020-04-01,2,3726000.0,155000.0,78000.0,49000.0,168000.0
2020-04-01,1,6868000.0,277000.0,164000.0,102000.0,317000.0
2020-04-01,15,663000.0,27000.0,15000.0,9000.0,39000.0
2020-04-01,5,3695000.0,150000.0,89000.0,51000.0,166000.0
2020-04-01,4,3806000.0,158000.0,83000.0,48000.0,174000.0
2020-05-01,2,4000000.0,171000.0,86000.0,53000.0,178000.0
2020-05-01,3,8889000.0,369000.0,215000.0,127000.0,385000.0
2020-05-01,1,7700000.0,318000.0,188000.0,111000.0,333000.0
2020-05-01,5,4008000.0,167000.0,99000.0,56000.0,175000.0
2020-05-01,4,4062000.0,175000.0,91000.0,49000.0,182000.0
2020-05-01,15,663000.0,27000.0,15000.0,9000.0,39000.0
2020-06-01,4,5278000.0,208000.0,113000.0,60000.0,230000.0
2020-06-01,5,5139000.0,200000.0,121000.0,65000.0,221000.0
2020-06-01,2,5210000.0,206000.0,106000.0,61000.0,233000.0
2020-06-01,1,10074000.0,391000.0,239000.0,128000.0,438000.0
2020-06-01,15,663000.0,27000.0,15000.0,9000.0,39000.0
2020-06-01,3,11542000.0,448000.0,272000.0,152000.0,494000.0
2020-07-01,3,14675000.0,546000.0,359000.0,182000.0,593000.0
2020-07-01,2,6651000.0,254000.0,137000.0,73000.0,281000.0
2020-07-01,15,1161000.0,44000.0,26000.0,13000.0,49000.0
2020-07-01,1,13023000.0,484000.0,322000.0,155000.0,527000.0
2020-07-01,4,6746000.0,255000.0,149000.0,71000.0,276000.0
2020-07-01,5,6544000.0,244000.0,156000.0,78000.0,264000.0
2020-08-01,2,7393000.0,295000.0,158000.0,83000.0,314000.0
2020-08-01,3,15807000.0,610000.0,398000.0,202000.0,660000.0
2020-08-01,1,14306000.0,553000.0,363000.0,174000.0,596000.0
2020-08-01,5,7100000.0,277000.0,172000.0,85000.0,299000.0
2020-08-01,4,7324000.0,290000.0,168000.0,81000.0,312000.0
2020-08-01,15,1333000.0,52000.0,32000.0,16000.0,57000.0
2020-09-01,1,15697000.0,616000.0,419000.0,207000.0,643000.0
2020-09-01,5,7728000.0,306000.0,196000.0,98000.0,323000.0
2020-09-01,15,1513000.0,60000.0,38000.0,20000.0,63000.0
2020-09-01,3,17121000.0,671000.0,453000.0,233000.0,698000.0
2020-09-01,2,8150000.0,329000.0,181000.0,97000.0,344000.0
2020-09-01,4,7980000.0,320000.0,193000.0,95000.0,338000.0
2020-10-01,4,8892000.0,347000.0,208000.0,107000.0,368000.0
2020-10-01,5,8614000.0,334000.0,208000.0,105000.0,348000.0
2020-10-01,3,18881000.0,722000.0,482000.0,252000.0,759000.0
2020-10-01,2,9020000.0,356000.0,196000.0,107000.0,371000.0
2020-10-01,1,17480000.0,668000.0,453000.0,224000.0,698000.0
2020-10-01,15,1650000.0,64000.0,39000.0,21000.0,68000.0
2020-11-01,3,18956000.0,754000.0,538000.0,289000.0,798000.0
2020-11-01,15,1631000.0,66000.0,42000.0,24000.0,70000.0
2020-11-01,5,8669000.0,346000.0,233000.0,116000.0,372000.0
2020-11-01,2,9080000.0,374000.0,217000.0,124000.0,387000.0
2020-11-01,4,8976000.0,365000.0,234000.0,122000.0,385000.0
2020-11-01,1,17630000.0,703000.0,503000.0,259000.0,736000.0
2020-12-01,15,1692000.0,68000.0,42000.0,23000.0,73000.0
2020-12-01,3,19256000.0,758000.0,512000.0,283000.0,839000.0
2020-12-01,2,8889000.0,364000.0,197000.0,114000.0,394000.0
2020-12-01,1,17629000.0,696000.0,467000.0,252000.0,757000.0
2020-12-01,4,8785000.0,337000.0,213000.0,114000.0,392000.0
2020-12-01,5,8844000.0,337000.0,222000.0,118000.0,385000.0
2021-01-01,4,8042000.0,341000.0,172000.0,101000.0,365000.0
2021-01-01,15,1571000.0,66000.0,34000.0,21000.0,70000.0
2021-01-01,3,17091000.0,706000.0,401000.0,241000.0,750000.0
2021-01-01,2,8244000.0,353000.0,166000.0,102000.0,373000.0
2021-01-01,1,15890000.0,656000.0,376000.0,224000.0,695000.0
2021-01-01,5,8033000.0,336000.0,183000.0,104000.0,360000.0
2021-02-01,15,1575000.0,68000.0,39000.0,21000.0,72000.0
2021-02-01,2,8559000.0,376000.0,196000.0,110000.0,383000.0
2021-02-01,1,16415000.0,692000.0,436000.0,231000.0,714000.0
2021-02-01,3,17626000.0,746000.0,463000.0,256000.0,772000.0
2021-02-01,5,8374000.0,356000.0,214000.0,112000.0,370000.0
2021-02-01,4,8395000.0,360000.0,206000.0,110000.0,375000.0
2021-03-01,3,14996000.0,599000.0,310000.0,172000.0,779000.0
2021-03-01,15,1457000.0,58000.0,30000.0,16000.0,69000.0
2021-03-01,2,7496000.0,308000.0,136000.0,73000.0,386000.0
2021-03-01,5,7430000.0,299000.0,153000.0,77000.0,377000.0
2021-03-01,4,7060000.0,288000.0,135000.0,69000.0,373000.0
2021-03-01,1,13700000.0,548000.0,282000.0,149000.0,721000.0
2021-04-01,15,1355000.0,57000.0,31000.0,17000.0,63000.0
2021-04-01,3,13943000.0,578000.0,323000.0,184000.0,664000.0
2021-04-01,2,6979000.0,297000.0,143000.0,83000.0,338000.0
2021-04-01,5,6913000.0,289000.0,160000.0,84000.0,327000.0
2021-04-01,1,12800000.0,532000.0,299000.0,163000.0,613000.0
2021-04-01,4,6530000.0,276000.0,141000.0,77000.0,317000.0
2021-05-01,3,16848000.0,669000.0,451000.0,233000.0,695000.0
2021-05-01,2,8472000.0,344000.0,197000.0,106000.0,358000.0
2021-05-01,1,15759000.0,625000.0,425000.0,213000.0,647000.0
2021-05-01,5,8408000.0,328000.0,200000.0,105000.0,349000.0
2021-05-01,4,8284000.0,324000.0,193000.0,103000.0,346000.0
2021-05-01,15,1566000.0,64000.0,39000.0,21000.0,66000.0
2021-06-01,4,8721000.0,336000.0,216000.0,114000.0,357000.0
2021-06-01,5,8844000.0,341000.0,222000.0,114000.0,359000.0
2021-06-01,15,1670000.0,65000.0,42000.0,23000.0,67000.0
2021-06-01,2,9094000.0,360000.0,210000.0,115000.0,371000.0
2021-06-01,3,17862000.0,693000.0,471000.0,230000.0,725000.0
2021-06-01,1,16821000.0,649000.0,448000.0,228000.0,676000.0
2021-07-01,4,9139000.0,350000.0,222000.0,119000.0,373000.0
2021-07-01,3,18695000.0,711000.0,475000.0,246000.0,747000.0
2021-07-01,5,9147000.0,351000.0,221000.0,118000.0,374000.0
2021-07-01,2,9528000.0,371000.0,211000.0,121000.0,388000.0
2021-07-01,15,1794000.0,73000.0,33000.0,18000.0,76000.0
2021-07-01,1,17642000.0,667000.0,457000.0,240000.0,703000.0
2021-08-01,5,10004000.0,384000.0,235000.0,124000.0,400000.0
2021-08-01,4,10049000.0,386000.0,231000.0,129000.0,405000.0
2021-08-01,15,2018000.0,80000.0,40000.0,20000.0,83000.0
2021-08-01,3,20129000.0,766000.0,495000.0,259000.0,801000.0
2021-08-01,1,19118000.0,724000.0,480000.0,252000.0,754000.0
2021-08-01,2,10574000.0,411000.0,221000.0,130000.0,432000.0
2021-09-01,15,2090000.0,85000.0,49000.0,23000.0,89000.0
2021-09-01,3,20704000.0,819000.0,535000.0,289000.0,868000.0
2021-09-01,2,10966000.0,442000.0,244000.0,152000.0,453000.0
2021-09-01,4,10409000.0,409000.0,252000.0,149000.0,431000.0
2021-09-01,1,20063000.0,787000.0,529000.0,292000.0,812000.0
2021-09-01,5,10097000.0,399000.0,251000.0,137000.0,412000.0
2021-10-01,2,11359000.0,466000.0,259000.0,143000.0,488000.0
2021-10-01,1,21100000.0,831000.0,570000.0,285000.0,880000.0
2021-10-01,3,21708000.0,858000.0,574000.0,299000.0,907000.0
2021-10-01,15,2066000.0,88000.0,41000.0,18000.0,94000.0
2021-10-01,4,10956070.0,434810.0,272260.0,146870.0,478420.0
2021-10-01,5,10470440.0,416750.0,263120.0,130840.0,440640.0
2021-11-01,2,11985000.0,497000.0,280000.0,180000.0,512000.0
2021-11-01,4,11712120.0,469240.0,300210.0,188660.0,497470.0
2021-11-01,5,10990580.0,442990.0,285380.0,160610.0,459230.0
2021-11-01,15,2261000.0,95000.0,54000.0,31000.0,99000.0
2021-11-01,3,22937000.0,918000.0,639000.0,367000.0,939000.0
2021-11-01,1,22338000.0,894000.0,626000.0,352000.0,913000.0
2021-12-01,1,22297000.0,847000.0,699000.0,363000.0,961000.0
2021-12-01,4,11566890.0,423650.0,272630.0,183100.0,514810.0
2021-12-01,2,11954000.0,469000.0,310000.0,181000.0,535000.0
2021-12-01,15,2203000.0,86000.0,61000.0,27000.0,100000.0
2021-12-01,3,23052000.0,874000.0,717000.0,381000.0,994000.0
2021-12-01,5,11037810.0,405610.0,261280.0,165940.0,479790.0
2022-01-01,5,9286510.0,364580.0,202180.0,123900.0,397230.0
2022-01-01,2,10118000.0,408000.0,231000.0,135000.0,444000.0
2022-01-01,15,1962000.0,79000.0,47000.0,25000.0,86000.0
2022-01-01,3,19399000.0,758000.0,508000.0,289000.0,824000.0
2022-01-01,1,18756000.0,733000.0,499000.0,275000.0,791000.0
2022-01-01,4,9745140.0,381810.0,209480.0,135960.0,420110.0
2022-02-01,2,11356000.0,491000.0,271000.0,168000.0,519000.0
2022-02-01,15,2198000.0,94000.0,56000.0,31000.0,102000.0
2022-02-01,3,21084000.0,883000.0,592000.0,346000.0,921000.0
2022-02-01,1,20465000.0,860000.0,587000.0,303000.0,903000.0
2022-02-01,5,10180000.0,426000.0,270000.0,145000.0,450000.0
2022-02-01,4,10885000.0,450000.0,289000.0,180000.0,486000.0
2022-03-01,2,14201000.0,560000.0,290000.0,169000.0,588000.0
2022-03-01,5,12297000.0,469000.0,288000.0,151000.0,500000.0
2022-03-01,4,13697000.0,523000.0,322000.0,172000.0,575000.0
2022-03-01,3,26073000.0,996000.0,634000.0,345000.0,1048000.0
2022-03-01,15,2678000.0,104000.0,59000.0,32000.0,109000.0
2022-03-01,1,25155000.0,963000.0,622000.0,304000.0,998000.0
2022-04-01,15,2544000.0,109000.0,58000.0,34000.0,114000.0
2022-04-01,4,13019000.0,550000.0,299000.0,165000.0,591000.0
2022-04-01,1,24189000.0,1008000.0,612000.0,348000.0,1044000.0
2022-04-01,5,11533000.0,482000.0,276000.0,155000.0,500000.0
2022-04-01,3,24646000.0,1023000.0,618000.0,375000.0,1048000.0
2022-04-01,2,13555000.0,588000.0,288000.0,179000.0,608000.0
2022-05-01,5,12740790.0,488300.0,299870.0,159750.0,507220.0
2022-05-01,2,15148000.0,590000.0,311000.0,181000.0,615000.0
2022-05-01,4,14873240.0,569180.0,337490.0,200280.0,606090.0
2022-05-01,15,2814000.0,109000.0,63000.0,35000.0,111000.0
2022-05-01,3,26929000.0,1010000.0,673000.0,393000.0,1045000.0
2022-05-01,1,26548000.0,1003000.0,670000.0,358000.0,1036000.0
2022-06-01,2,14080000.0,570000.0,291000.0,199000.0,591000.0
2022-06-01,15,2669000.0,108000.0,59000.0,34000.0,115000.0
2022-06-01,4,14239840.0,559540.0,322670.0,223490.0,587650.0
2022-06-01,5,12099730.0,479000.0,283960.0,155880.0,541790.0
2022-06-01,1,24725000.0,967000.0,623000.0,364000.0,1011000.0
2022-06-01,3,25162000.0,980000.0,635000.0,392000.0,1022000.0
2022-07-01,4,14178130.0,548410.0,328380.0,203910.0,586310.0
2022-07-01,5,12042050.0,466200.0,285910.0,164460.0,484270.0
2022-07-01,15,2576000.0,104000.0,46000.0,29000.0,108000.0
2022-07-01,2,13941000.0,548000.0,294000.0,191000.0,570000.0
2022-07-01,1,24863000.0,938000.0,646000.0,380000.0,1005000.0
2022-07-01,3,24987000.0,948000.0,638000.0,379000.0,998000.0
2022-08-01,3,27388000.0,1015000.0,640000.0,372000.0,1060000.0
2022-08-01,15,2824000.0,110000.0,60000.0,28000.0,117000.0
2022-08-01,2,15832000.0,605000.0,303000.0,178000.0,638000.0
2022-08-01,1,27296000.0,1015000.0,645000.0,344000.0,1057000.0
2022-08-01,5,13310680.0,500750.0,292180.0,156230.0,519060.0
2022-08-01,4,15871080.0,599540.0,327550.0,192890.0,640130.0
2022-09-01,5,12606290.0,505500.0,298030.0,153910.0,517400.0
2022-09-01,4,15427310.0,619430.0,341230.0,205330.0,653670.0
2022-09-01,2,15239000.0,619000.0,315000.0,179000.0,641000.0
2022-09-01,15,2799000.0,114000.0,58000.0,34000.0,118000.0
2022-09-01,3,26224000.0,1035000.0,664000.0,358000.0,1077000.0
2022-09-01,1,26169000.0,1035000.0,664000.0,346000.0,1078000.0
2022-10-01,5,12854250.0,512520.0,301320.0,176270.0,533040.0
2022-10-01,4,15642630.0,626430.0,350850.0,224480.0,660210.0
2022-10-01,2,15388000.0,625000.0,317000.0,200000.0,655000.0
2022-10-01,15,2795000.0,114000.0,54000.0,35000.0,118000.0
2022-10-01,3,26821000.0,1051000.0,665000.0,379000.0,1097000.0
2022-10-01,1,26982000.0,1059000.0,673000.0,374000.0,1116000.0
2022-11-01,3,25901000.0,1063000.0,695000.0,396000.0,1110000.0
2022-11-01,15,2742000.0,117000.0,57000.0,37000.0,124000.0
2022-11-01,1,25817000.0,1062000.0,688000.0,381000.0,1107000.0
2022-11-01,5,12404960.0,503710.0,314490.0,169510.0,538670.0
2022-11-01,2,14574000.0,629000.0,318000.0,194000.0,657000.0
2022-11-01,4,14955050.0,613220.0,357000.0,205720.0,659990.0
2022-12-01,5,11837350.0,448870.0,264370.0,160110.0,550560.0
2022-12-01,15,2519000.0,99000.0,48000.0,32000.0,121000.0
2022-12-01,2,13602000.0,530000.0,327000.0,200000.0,657000.0
2022-12-01,1,25019000.0,934000.0,734000.0,417000.0,1142000.0
2022-12-01,4,14236080.0,544980.0,299080.0,187760.0,693280.0
2022-12-01,3,25432000.0,945000.0,784000.0,431000.0,1145000.0
2023-01-01,2,13130000.0,519000.0,285000.0,180000.0,588000.0
2023-01-01,4,13605410.0,530980.0,311820.0,186860.0,594240.0
2023-01-01,5,10976230.0,427200.0,271010.0,139440.0,468660.0
2023-01-01,1,23408000.0,891000.0,623000.0,363000.0,982000.0
2023-01-01,3,23278000.0,887000.0,603000.0,372000.0,978000.0
2023-01-01,15,2519000.0,99000.0,57000.0,34000.0,114000.0
2023-02-01,2,13364000.0,609000.0,311000.0,196000.0,643000.0
2023-02-01,4,13777190.0,580300.0,387560.0,224680.0,639510.0
2023-02-01,1,23465000.0,1025000.0,660000.0,375000.0,1075000.0
2023-02-01,3,23296000.0,1012000.0,657000.0,395000.0,1065000.0
2023-02-01,15,2576000.0,117000.0,61000.0,36000.0,125000.0
2023-02-01,5,11015860.0,473460.0,289520.0,161310.0,516800.0
2023-03-01,2,16048000.0,649000.0,325000.0,201000.0,678000.0
2023-03-01,1,27945000.0,1087000.0,692000.0,384000.0,1120000.0
2023-03-01,5,13455770.0,503110.0,305230.0,165840.0,535970.0
2023-03-01,4,17370640.0,649070.0,389010.0,221480.0,711990.0
2023-03-01,15,2876000.0,120000.0,65000.0,35000.0,128000.0
2023-03-01,3,27409000.0,1067000.0,676000.0,387000.0,1096000.0
2023-04-01,1,25545000.0,1091000.0,639000.0,375000.0,1130000.0
2023-04-01,3,25011000.0,1066000.0,627000.0,371000.0,1157000.0
2023-04-01,2,14544000.0,649000.0,299000.0,189000.0,671000.0
2023-04-01,4,15070570.0,661450.0,338300.0,201580.0,701710.0
2023-04-01,5,11792220.0,510810.0,282420.0,160710.0,527250.0
2023-04-01,15,2827000.0,124000.0,63000.0,37000.0,127000.0
